"10001","2ue+Bdqk8Dnk98DkjXHJ6WE87V39LPxc+javZIBg/X0=","vMdIKjLXnHxOnGBFG3i0Pg==","EMP","What is your favorite color?","blue"
"10002","a665a45920422f9d417e4867efdc4fb8a04a1f3fff1fa07e998e86f7f7a27ae3","EMP","What city were you born in?","manila"
"10003","a665a45920422f9d417e4867efdc4fb8a04a1f3fff1fa07e998e86f7f7a27ae3","EMP","What is your pet's name?","milo"
"10004","a665a45920422f9d417e4867efdc4fb8a04a1f3fff1fa07e998e86f7f7a27ae3","EMP","What is your favorite food?","adobo"
"10005","a665a45920422f9d417e4867efdc4fb8a04a1f3fff1fa07e998e86f7f7a27ae3","EMP","What color is your car?","black"
"10006","56ukB48qqfiIZr/8e+92Jdu8waVjzA16vkKmDjwgKuY=","L2TV5bh7apgAz+d2KJjiCw==","ADMIN","What is your favorite number?","0"
"10007","a665a45920422f9d417e4867efdc4fb8a04a1f3fff1fa07e998e86f7f7a27ae3","HR","What is your favorite color?","green"
"10008","G7S3NAJYZ2AMlMrUNb0DaZfIwyhGbnIaDiXGi5HWJ6Y=","Og1Mu5Q3S3TKDWA16l/3Sg==","FIN","What is your favorite cartoon movie?","cars"
"10009","MLHeWVQiN/MPydO70dG/ibrbyoCiIZQ2EFKmb+1N/nE=","P9XUOCB23lL6iL+w0Oh2lg==","EMP","What city were you born in?","cebu"
"10010","a665a45920422f9d417e4867efdc4fb8a04a1f3fff1fa07e998e86f7f7a27ae3","EMP","What is your favorite food?","pasta"
"10011","a665a45920422f9d417e4867efdc4fb8a04a1f3fff1fa07e998e86f7f7a27ae3","EMP","What is your mother's maiden name?","cruz"
"10012","a665a45920422f9d417e4867efdc4fb8a04a1f3fff1fa07e998e86f7f7a27ae3","EMP","What is your favorite sport?","basketball"
"10013","a665a45920422f9d417e4867efdc4fb8a04a1f3fff1fa07e998e86f7f7a27ae3","EMP","What was your first school?","mapua"
"10014","a665a45920422f9d417e4867efdc4fb8a04a1f3fff1fa07e998e86f7f7a27ae3","EMP","What is your dream job?","engineer"
"10015","a665a45920422f9d417e4867efdc4fb8a04a1f3fff1fa07e998e86f7f7a27ae3","EMP","What is your favorite drink?","coffee"
"10016","a665a45920422f9d417e4867efdc4fb8a04a1f3fff1fa07e998e86f7f7a27ae3","EMP","What city were you born in?","quezon"
"10017","a665a45920422f9d417e4867efdc4fb8a04a1f3fff1fa07e998e86f7f7a27ae3","EMP","What color do you like most?","red"
"10018","a665a45920422f9d417e4867efdc4fb8a04a1f3fff1fa07e998e86f7f7a27ae3","EMP","What is your favorite animal?","dog"
"10019","a665a45920422f9d417e4867efdc4fb8a04a1f3fff1fa07e998e86f7f7a27ae3","EMP","What is your favorite fruit?","mango"
"10020","a665a45920422f9d417e4867efdc4fb8a04a1f3fff1fa07e998e86f7f7a27ae3","EMP","What is your favorite number?","8"
"10021","a665a45920422f9d417e4867efdc4fb8a04a1f3fff1fa07e998e86f7f7a27ae3","EMP","What city were you born in?","davao"
"10022","a665a45920422f9d417e4867efdc4fb8a04a1f3fff1fa07e998e86f7f7a27ae3","EMP","What is your favorite food?","sinigang"
"10023","a665a45920422f9d417e4867efdc4fb8a04a1f3fff1fa07e998e86f7f7a27ae3","EMP","What is your pet's name?","kitty"
"10024","a665a45920422f9d417e4867efdc4fb8a04a1f3fff1fa07e998e86f7f7a27ae3","EMP","What color is your car?","white"
"10025","a665a45920422f9d417e4867efdc4fb8a04a1f3fff1fa07e998e86f7f7a27ae3","EMP","What is your favorite song?","perfect"
